Metrics,Values
Accuracy,91.42237979243933
Precision,91.10324286112629
Recall,90.53482481333486
Macro F1,90.80121486293451
